sample_no,No.,Time,Source,Destination,Protocol,Length,Info,avrg_len,var_len,IAT,avrg_IAT,var_IAT,count,upload_count
0,1698,12.256397128,aa:3a:0e:b6:ed:12,5a:ef:68:0f:bd:90,EAPOL,197,Key (Message 2 of 4),201.05050505050505,18002.14972055582,0.00977961399999927,0.009064664527918778,0.0004734402251973663,198,196
1,2784,14.309030569,aa:3a:0e:b6:ed:12,5a:ef:68:0f:bd:8f,802.11,147,"QoS Data, SN=88, FN=0, Flags=.p..R..TC",261.111833550065,223569.88070613914,0.27667414300000104,0.0028656315188556594,0.00022681221095969257,769,748
2,5036,16.324994732,aa:3a:0e:b6:ed:12,5a:ef:68:0f:bd:8f,802.11,147,"QoS Data, SN=541, FN=0, Flags=.p..R..TC",226.27377049180328,146327.23691351048,0.08896766799999867,0.0032257700147540935,0.00033545155951824555,610,602
3,6689,18.25118269,aa:3a:0e:b6:ed:12,5a:ef:68:0f:bd:8f,802.11,120,"QoS Data, SN=7, FN=0, Flags=.p.....TC",269.7476489028213,253879.84673700674,0.04743591700000138,0.003084717567398119,0.00031783311002949366,638,618
4,8413,20.298304555,aa:3a:0e:b6:ed:12,5a:ef:68:0f:bd:8f,802.11,382,"QoS Data, SN=1131, FN=0, Flags=.p..R..TC",316.00975609756097,336087.3234337637,0.12650797400000258,0.01011859760000001,0.0010716212455009555,205,196
5,9664,22.260988765,aa:3a:0e:b6:ed:12,5a:ef:68:0f:bd:8f,802.11,147,"QoS Data, SN=1242, FN=0, Flags=.p..R..TC",187.05587392550143,66602.28525239156,0.01487967599999962,0.0028653838595988513,0.00017995436975263746,698,693
6,11868,24.249489172,aa:3a:0e:b6:ed:12,5a:ef:68:0f:bd:8f,802.11,147,"QoS Data, SN=1481, FN=0, Flags=.p..R..TC",162.63673469387754,34070.15028437606,0.0033421490000016263,0.007558730571428582,0.0032314455352069255,245,244
7,13198,26.263723086,aa:3a:0e:b6:ed:12,5a:ef:68:0f:bd:8f,802.11,159,"QoS Data, SN=1580, FN=0, Flags=.p.....TC",321.70212765957444,417213.5690125477,0.1656870729999973,0.009107829723404242,0.0010623669447449478,235,220
8,14416,28.263473737,aa:3a:0e:b6:ed:12,5a:ef:68:0f:bd:8f,802.11,147,"QoS Data, SN=1715, FN=0, Flags=.p.....TC",207.80100755667507,140922.89212019445,0.025097739000003116,0.004534418078085643,0.0003988232396847968,397,388
9,16369,30.252530955,aa:3a:0e:b6:ed:12,5a:ef:68:0f:bd:8f,802.11,147,"QoS Data, SN=1897, FN=0, Flags=.p.....TC",223.66367713004485,185841.45844948085,0.21399098000000194,0.008993086112107638,0.0021132115129884094,223,218
10,17531,32.554865135,aa:3a:0e:b6:ed:12,5a:ef:68:0f:bd:8f,802.11,159,"QoS Data, SN=1998, FN=0, Flags=.p.....TC",218.4792703150912,192159.17357288863,7.975500000156899e-05,0.003641031845771136,0.00033631805740773856,603,588
11,19403,34.25941602,aa:3a:0e:b6:ed:12,5a:ef:68:0f:bd:8f,802.11,147,"QoS Data, SN=2382, FN=0, Flags=.p.....TC",271.60677966101696,316199.72287416155,0.019875639000005663,0.0033905651237288205,0.0003702219163055339,590,566
12,21534,36.278343024,aa:3a:0e:b6:ed:12,5a:ef:68:0f:bd:8f,802.11,147,"QoS Data, SN=2705, FN=0, Flags=.p.....TC",229.0059171597633,215469.81221788263,0.03836921999999987,0.003948889773175532,0.00028761887813370454,507,493
13,23176,38.248615472,aa:3a:0e:b6:ed:12,5a:ef:68:0f:bd:8f,802.11,147,"QoS Data, SN=2904, FN=0, Flags=.p..R..TC",198.49424269264836,130982.58352178866,0.006554553000000851,0.001769867457927375,0.00010128394480069296,1129,1111
14,25693,40.272569355,aa:3a:0e:b6:ed:12,5a:ef:68:0f:bd:8f,802.11,147,"QoS Data, SN=3557, FN=0, Flags=.p.....TC",213.22485207100593,182776.99529257067,0.01823896799999858,0.002821647165680466,0.00045563410479087504,676,661
15,27355,42.273420857,aa:3a:0e:b6:ed:12,5a:ef:68:0f:bd:8f,802.11,147,"QoS Data, SN=3854, FN=0, Flags=.p.....TC",220.74535809018568,205696.05193725557,0.01625092999999822,0.002751264945623344,0.00015869626431053627,754,735
16,29385,44.26711622,aa:3a:0e:b6:ed:12,5a:ef:68:0f:bd:8f,802.11,147,"QoS Data, SN=158, FN=0, Flags=.p..R..TC",214.66099290780141,185925.23860412653,0.04498768799999908,0.0026927193375886533,0.00017002235487778626,705,689
17,31289,46.257782163,aa:3a:0e:b6:ed:12,5a:ef:68:0f:bd:8f,802.11,147,"QoS Data, SN=558, FN=0, Flags=.p.....TC",220.31802911534155,197683.41892346521,0.1372864980000017,0.00235246608174692,9.690449098951664e-05,893,871
18,33682,48.283829151,aa:3a:0e:b6:ed:12,5a:ef:68:0f:bd:8f,802.11,147,"QoS Data, SN=1023, FN=0, Flags=.p..R..TC",211.9735234215886,182331.87480776422,0.06258127499999944,0.003022241832993894,0.0007495039748470323,491,480
19,35303,51.42990745,aa:3a:0e:b6:ed:12,5a:ef:68:0f:bd:8f,802.11,147,"QoS Data, SN=1169, FN=0, Flags=.p.....TC",158.42168674698794,6.685865412870968,1.724738834,0.02916350651807223,0.0371373211215029,83,83
20,35747,52.300520214,aa:3a:0e:b6:ed:12,5a:ef:68:0f:bd:8f,802.11,159,"QoS Data, SN=1217, FN=0, Flags=.p.....TC",228.12646370023418,211060.58021352152,0.1747805570000054,0.004926137604215458,0.0005324272990196785,427,416
21,37004,54.250500486,aa:3a:0e:b6:ed:12,5a:ef:68:0f:bd:8f,802.11,147,"QoS Data, SN=1366, FN=0, Flags=.p..R..TC",153.9757281553398,162.8920909306182,0.0213000720000025,0.009685624466019435,0.002155362316895713,206,206
22,38337,56.264841231,aa:3a:0e:b6:ed:12,5a:ef:68:0f:bd:8f,802.11,147,"QoS Data, SN=1471, FN=0, Flags=.p..R..TC",221.85106382978722,151741.10033634395,0.04040217699999715,0.0035779770177304963,0.00024140793379493817,564,554
23,40129,58.248875431,aa:3a:0e:b6:ed:12,5a:ef:68:0f:bd:8f,802.11,144,"QoS Data, SN=1673, FN=0, Flags=.p..R..TC",256.49625935162095,232983.1416838681,0.0064573390000006725,0.002483855316708227,7.02954227085159e-05,802,782
24,42190,60.285982594,aa:3a:0e:b6:ed:12,5a:ef:68:0f:bd:8f,802.11,159,"QoS Data, SN=2209, FN=0, Flags=.p..R..TC",288.7823834196891,237175.63516651292,0.05151253799999722,0.002082561289119172,6.816187912215349e-05,965,945
25,44502,62.247307813,aa:3a:0e:b6:ed:12,5a:ef:68:0f:bd:8f,802.11,147,"QoS Data, SN=2595, FN=0, Flags=.p..R..TC",292.7012987012987,337961.42691638647,0.0031661129999989157,0.002549518053246759,0.00011168548259840442,770,738
26,46380,64.249362407,aa:3a:0e:b6:ed:12,5a:ef:68:0f:bd:8f,802.11,147,"QoS Data, SN=2955, FN=0, Flags=.p.....TC",317.6352549889135,416890.7913417216,0.04209180600000195,0.0022522626308203978,0.0002037171336636171,902,852
27,48394,66.251717581,aa:3a:0e:b6:ed:12,5a:ef:68:0f:bd:8f,802.11,147,"QoS Data, SN=3505, FN=0, Flags=.p.....TC",257.9026651216686,237207.59376319096,0.00368466599999806,0.002292342896871367,0.00015704333604205285,863,839
28,50377,68.279840399,aa:3a:0e:b6:ed:12,5a:ef:68:0f:bd:8f,802.11,144,"QoS Data, SN=3773, FN=0, Flags=.p..R..TC",263.228813559322,314811.32614496944,0.0627369850000008,0.007264275682203447,0.001426597108090924,236,226
29,51209,70.261313146,aa:3a:0e:b6:ed:12,5a:ef:68:0f:bd:8f,802.11,159,"QoS Data, SN=3900, FN=0, Flags=.p.....TC",295.4637188208617,390408.67575369193,0.3298406709999995,0.0026221750328798044,0.0003787231687518064,882,839
30,53396,72.247314908,aa:3a:0e:b6:ed:12,5a:ef:68:0f:bd:8f,802.11,147,"QoS Data, SN=325, FN=0, Flags=.p.....TC",257.97386870618226,283859.64281161746,0.0030840540000127703,0.0012208113275971961,3.448648846835161e-05,1569,1514
31,56396,74.389667784,aa:3a:0e:b6:ed:12,5a:ef:68:0f:bd:8f,802.11,147,"QoS Data, SN=1215, FN=0, Flags=.p.....TC",298.50698324022346,386374.5803707467,0.22998395700000174,0.002898626037709506,0.00018941332184403367,716,681
32,58156,76.338043872,aa:3a:0e:b6:ed:12,5a:ef:68:0f:bd:8f,802.11,159,"QoS Data, SN=1628, FN=0, Flags=.p..R..TC",290.4932735426009,360542.72692094516,0.10294380199999864,0.004212588910313892,0.0006592516819471263,446,423
33,59472,78.40721701,aa:3a:0e:b6:ed:12,5a:ef:68:0f:bd:8f,802.11,141,"QoS Data, SN=28, FN=0, Flags=.p..R..TC",292.06451612903226,165217.529032258,0.2933022859999994,0.04813123922580675,0.011204634252724993,31,31
34,59892,80.703194174,aa:3a:0e:b6:ed:12,5a:ef:68:0f:bd:8f,802.11,147,"QoS Data, SN=1911, FN=0, Flags=.p.....TC",215.58947368421053,42009.138185890246,1.0972110339999972,0.026543104199999928,0.01842178397065169,95,95
35,60479,82.963501242,aa:3a:0e:b6:ed:12,5a:ef:68:0f:bd:8f,802.11,159,"QoS Data, SN=1938, FN=0, Flags=.p.....TC",159.0,0.0,0.8359232030000072,0.031616392185185305,0.025843054528509837,27,27
36,60677,84.648777957,aa:3a:0e:b6:ed:12,5a:ef:68:0f:bd:8f,802.11,179,"QoS Data, SN=1945, FN=0, Flags=.p.....TC",238.0,58970.82352941176,1.6675573289999903,0.1298371559999999,0.15421731650896936,18,18
38,61719,88.676572135,aa:3a:0e:b6:ed:12,5a:ef:68:0f:bd:8f,802.11,135,"QoS Data, SN=1960, FN=0, Flags=.p.....TC",140.44444444444446,250.77777777777771,3.358282699,0.4979311920000005,1.2480390809485924,9,9
39,62196,91.029149312,aa:3a:0e:b6:ed:12,5a:ef:68:0f:bd:8f,802.11,135,"QoS Data, SN=1962, FN=0, Flags=.p.....TC",135.0,0.0,1.2294791479999958,0.23043765412499972,0.2054373441178769,8,8
41,62815,94.8641599,aa:3a:0e:b6:ed:12,5a:ef:68:0f:bd:8f,802.11,147,"QoS Data, SN=1965, FN=0, Flags=.p.....TC",212.375,195.6358695652174,3.220988503000001,0.14304111774999959,0.4301102041436515,24,24
42,63113,96.853468916,aa:3a:0e:b6:ed:12,5a:ef:68:0f:bd:8f,802.11,147,"QoS Data, SN=1967, FN=0, Flags=.p.....TC",276.69354838709677,78113.23865722535,1.777310693000004,0.02535698762096775,0.030699422556943214,124,124
43,63666,98.249145323,aa:3a:0e:b6:ed:12,5a:ef:68:0f:bd:8f,802.11,147,"QoS Data, SN=1994, FN=0, Flags=.p.....TC",149.78571428571428,55.30292598967252,0.028720634999999106,0.024103431178571572,0.00616612628947227,84,84
44,64258,100.247899089,aa:3a:0e:b6:ed:12,5a:ef:68:0f:bd:8f,802.11,167,"QoS Data, SN=2025, FN=0, Flags=.p.....TC",281.31976744186045,346915.5911510614,0.0027861819999941417,0.0018911555096899153,6.25820318281961e-05,1032,986
45,66570,102.263555284,aa:3a:0e:b6:ed:12,5a:ef:68:0f:bd:8f,802.11,147,"QoS Data, SN=2546, FN=0, Flags=.p.....TC",288.35774647887325,380625.5750457552,0.06676989100000696,0.0014427003492957584,3.751371928254246e-05,355,337
46,67399,105.399211725,aa:3a:0e:b6:ed:12,5a:ef:68:0f:bd:8f,802.11,167,"QoS Data, SN=2818, FN=0, Flags=.p.....TC",167.0,,2.6902677080000075,2.6902677080000075,,1,1
47,67520,106.499201352,aa:3a:0e:b6:ed:12,5a:ef:68:0f:bd:8f,802.11,147,"QoS Data, SN=2820, FN=0, Flags=.p.....TC",154.40740740740742,403.415793151642,1.0999896269999994,0.05164407612962952,0.03879745192902192,54,54
48,68054,109.864712163,aa:3a:0e:b6:ed:12,5a:ef:68:0f:bd:8f,802.11,135,"QoS Data, SN=2828, FN=0, Flags=.p.....TC",138.42857142857142,34.2857142857143,1.6767203269999982,0.2456990189999999,0.3984036075840269,7,7
49,68100,110.453298763,aa:3a:0e:b6:ed:12,5a:ef:68:0f:bd:8f,802.11,159,"QoS Data, SN=2833, FN=0, Flags=.p..R..TC",159.0,,0.5454137940000123,0.5454137940000123,,1,1
51,68445,114.957330507,aa:3a:0e:b6:ed:12,IPv4mcast_fb,802.11,216,"QoS Data, SN=2834, FN=0, Flags=.p.....TC",174.25,863.5833333333334,4.504031743999988,1.2964648147499993,4.674136679298642,4,4
52,68746,116.866565181,aa:3a:0e:b6:ed:12,5a:ef:68:0f:bd:8f,802.11,147,"QoS Data, SN=2837, FN=0, Flags=.p.....TC",147.0,0.0,1.2274071589999949,0.4145462173333338,0.4956222528122357,3,3
53,68924,118.930944912,aa:3a:0e:b6:ed:12,5a:ef:68:0f:bd:8f,802.11,147,"QoS Data, SN=2838, FN=0, Flags=.p.....TC",147.0,0.0,2.048148237999996,1.0475516334999995,2.002387129873845,2,2
55,69274,122.547763316,aa:3a:0e:b6:ed:12,5a:ef:68:0f:bd:8f,802.11,147,"QoS Data, SN=2840, FN=0, Flags=.p..R..TC",642.04,120129.70666666667,3.569863374999997,0.16406623263999962,0.5086407128828538,25,25
56,69539,124.376830365,aa:3a:0e:b6:ed:12,5a:ef:68:0f:bd:8f,802.11,159,"QoS Data, SN=2847, FN=0, Flags=.p.....TC",153.64705882352942,38.218848829854565,1.2972746080000093,0.015871484058823597,0.010833686239690212,187,187
57,70509,126.510853553,aa:3a:0e:b6:ed:12,5a:ef:68:0f:bd:8f,802.11,175,"QoS Data, SN=2934, FN=0, Flags=.p.....TC",160.4156378600823,108.40091147161826,0.4633302769999972,0.00897229283539093,0.003453397585356643,243,243
58,71585,128.304140726,aa:3a:0e:b6:ed:12,5a:ef:68:0f:bd:8f,802.11,147,"QoS Data, SN=3094, FN=0, Flags=.p.....TC",156.96385542168676,34.95626140927374,0.07635029100001134,0.012047477198795108,0.005639950584334571,166,166
59,72268,130.280427078,aa:3a:0e:b6:ed:12,5a:ef:68:0f:bd:8f,802.11,159,"QoS Data, SN=3162, FN=0, Flags=.p.....TC",153.74358974358975,2707.2297145870375,0.05275542800001176,0.0050113337589743736,0.00026581821884415896,390,390
60,74244,132.325344963,aa:3a:0e:b6:ed:12,5a:ef:68:0f:bd:8f,802.11,147,"QoS Data, SN=3423, FN=0, Flags=.p.....TC",146.8092485549133,4.411076757628729,0.1432531469999958,0.0101393315433527,0.0008539126789059186,173,173
61,75425,134.426667762,aa:3a:0e:b6:ed:12,5a:ef:68:0f:bd:8f,802.11,147,"QoS Data, SN=3509, FN=0, Flags=.p.....TC",167.03296703296704,13480.440896120452,0.49047158899998067,0.01266549892857128,0.002222337082344215,182,182
62,76461,136.681157851,aa:3a:0e:b6:ed:12,5a:ef:68:0f:bd:8f,802.11,159,"QoS Data, SN=3596, FN=0, Flags=.p.....TC",218.984126984127,46516.72555043522,0.4398408730000085,0.03179598887301596,0.01027030063729289,63,63
63,76942,138.252887832,aa:3a:0e:b6:ed:12,5a:ef:68:0f:bd:8f,802.11,159,"QoS Data, SN=3621, FN=0, Flags=.p.....TC",247.7888888888889,82645.58646803227,0.008423555000007354,0.010761334861111195,0.0011474481939739154,180,180
64,77941,140.255678841,aa:3a:0e:b6:ed:12,5a:ef:68:0f:bd:8f,802.11,147,"QoS Data, SN=3705, FN=0, Flags=.p.....TC",146.70731707317074,3.5121951219512226,0.07417428899998413,0.02451249641463375,0.014276058943431258,41,41
65,78370,142.417097757,aa:3a:0e:b6:ed:12,5a:ef:68:0f:bd:8f,802.11,1373,"QoS Data, SN=3729, FN=0, Flags=.p.....TC",476.26153846153846,235523.93106738242,1.2305808520000028,0.023535309823077017,0.022459575835942557,130,130
66,79425,144.252763108,aa:3a:0e:b6:ed:12,5a:ef:68:0f:bd:8f,802.11,154,"QoS Data, SN=3823, FN=0, Flags=.p.....TC",551.5507246376811,565323.2810540185,0.006655926000007639,0.007237472192028926,0.0009119076815786314,276,252
67,80465,146.246998655,aa:3a:0e:b6:ed:12,5a:ef:68:0f:bd:8f,802.11,157,"QoS Data, SN=3929, FN=0, Flags=.p..R..TC",380.8296703296703,438459.67800983554,0.003349148000012292,0.011005034835164906,0.0012018595716706002,182,169
68,81315,148.249741917,aa:3a:0e:b6:ed:12,5a:ef:68:0f:bd:8f,802.11,155,"QoS Data, SN=4027, FN=0, Flags=.p..R..TC",623.6994219653179,901480.3161043148,0.0031760699999949793,0.009096487208092486,0.0010046535657788594,173,143
70,83003,152.436200048,aa:3a:0e:b6:ed:12,5a:ef:68:0f:bd:8f,802.11,949,"QoS Data, SN=26, FN=0, Flags=.p.....TC",720.8215767634855,906921.4638658368,2.6159419139999898,0.017686215950207477,0.029007844870582767,241,199
71,84507,154.953996383,aa:3a:0e:b6:ed:12,IPv4mcast_fb,802.11,216,"QoS Data, SN=4095, FN=0, Flags=.p.....TC",216.0,,0.871360205000002,0.871360205000002,,1,1
76,86016,164.522761661,aa:3a:0e:b6:ed:12,5a:ef:68:0f:bd:8f,802.11,150,"QoS Data, SN=1, FN=0, Flags=.p.....TC",734.5909090909091,238855.30086580082,9.568765278,0.5013479384545447,4.188875192477936,22,22
77,86377,166.492524427,aa:3a:0e:b6:ed:12,5a:ef:68:0f:bd:8f,802.11,953,"QoS Data, SN=9, FN=0, Flags=.p.....TC",854.8666666666667,291576.8380952381,0.50887339800002,0.1367898637333345,0.0882188382143624,15,15
78,86710,168.297385335,aa:3a:0e:b6:ed:12,5a:ef:68:0f:bd:8f,802.11,1373,"QoS Data, SN=13, FN=0, Flags=.p.....TC",482.1774193548387,263004.0278116827,0.2618863499999975,0.011409103849462313,0.0010564360746103515,186,186
79,88016,170.306677221,aa:3a:0e:b6:ed:12,5a:ef:68:0f:bd:8f,802.11,152,"QoS Data, SN=95, FN=0, Flags=.p.....TC",170.50920245398774,4750.152692569872,0.14908492000000706,0.012131126895705608,0.0009705344296181553,163,163
80,89132,172.427090503,aa:3a:0e:b6:ed:12,5a:ef:68:0f:bd:8f,802.11,152,"QoS Data, SN=199, FN=0, Flags=.p.....TC",160.11428571428573,10.371428571428474,0.29212451799998007,0.01901960043809503,0.004329045642908646,105,105
81,89835,174.271624842,aa:3a:0e:b6:ed:12,5a:ef:68:0f:bd:8f,802.11,135,"QoS Data, SN=256, FN=0, Flags=.p.....TC",168.66666666666666,691.4666666666669,0.1396008110000082,0.1342548938333342,0.033178893677278866,6,6
82,90191,177.743462779,aa:3a:0e:b6:ed:12,5a:ef:68:0f:bd:8f,802.11,120,"QoS Data, SN=39, FN=0, Flags=.p.....TC",120.0,,2.8059093850000068,2.8059093850000068,,1,1
83,90274,178.291563599,aa:3a:0e:b6:ed:12,5a:ef:68:0f:bd:8f,802.11,175,"QoS Data, SN=260, FN=0, Flags=.p.....TC",165.0,105.26315789473684,0.5481008200000019,0.028852497900000173,0.0149451120610568,20,20
85,90787,183.440742864,aa:3a:0e:b6:ed:12,5a:ef:68:0f:bd:8f,802.11,167,"QoS Data, SN=262, FN=0, Flags=.p.....TC",157.1818181818182,100.36363636363642,5.120230126999985,0.47438550872727153,2.3745444304718384,11,11
87,91216,186.464983236,aa:3a:0e:b6:ed:12,5a:ef:68:0f:bd:8f,802.11,948,"QoS Data, SN=265, FN=0, Flags=.p.....TC",416.109243697479,177692.04728671134,2.9262299030000065,0.034322587462185083,0.07248688256750963,119,119
88,92037,188.578902288,aa:3a:0e:b6:ed:12,5a:ef:68:0f:bd:8f,802.11,120,"QoS Data, SN=40, FN=0, Flags=.p..R..TC",158.9787234042553,122.10823311748385,0.9557610469999815,0.05262976725531888,0.022690437585269167,47,47
89,93226,190.737984415,aa:3a:0e:b6:ed:12,5a:ef:68:0f:bd:8f,802.11,165,"QoS Data, SN=332, FN=0, Flags=.p.....TC",162.97222222222223,113.39920634920638,0.6412441129999991,0.04271424922222246,0.022144432909696102,36,36
90,93875,192.388776661,aa:3a:0e:b6:ed:12,5a:ef:68:0f:bd:8f,802.11,167,"QoS Data, SN=340, FN=0, Flags=.p.....TC",157.64285714285714,417.0164835164834,0.7543233869999995,0.1642155675000002,0.06942904381804929,14,14
91,94758,194.340011679,aa:3a:0e:b6:ed:12,5a:ef:68:0f:bd:8f,802.11,154,"QoS Data, SN=345, FN=0, Flags=.p.....TC",240.49425287356323,64720.508687516674,0.4065404600000022,0.026557719931034448,0.007195812663088599,87,87
92,96337,196.247275093,aa:3a:0e:b6:ed:12,5a:ef:68:0f:bd:8f,802.11,159,"QoS Data, SN=400, FN=0, Flags=.p.....TC",390.82608695652175,99722.10241545894,0.0032822400000043217,0.03249593106521702,0.01108074255800126,46,46
93,98044,198.550600889,aa:3a:0e:b6:ed:12,5a:ef:68:0f:bd:8f,802.11,321,"QoS Data, SN=417, FN=0, Flags=.p.....TC",927.4,345099.8,0.8117952070000172,0.4824500322000006,0.32098520142683135,5,5
94,99319,200.451674832,aa:3a:0e:b6:ed:12,5a:ef:68:0f:bd:8f,802.11,161,"QoS Data, SN=420, FN=0, Flags=.p.....TC",162.20689655172413,4.098522167487703,0.3006189890000144,0.07103363772413841,0.017285857733085126,29,29
95,101247,202.311061259,aa:3a:0e:b6:ed:12,5a:ef:68:0f:bd:8f,802.11,164,"QoS Data, SN=432, FN=0, Flags=.p.....TC",357.6236559139785,186914.95465170647,0.10002992200000449,0.02118331107526874,0.002196202552697231,93,93
96,104099,204.448728229,aa:3a:0e:b6:ed:12,5a:ef:68:0f:bd:8f,802.11,163,"QoS Data, SN=486, FN=0, Flags=.p.....TC",530.9873417721519,313390.3972736125,0.26764896200000976,0.023735005215189845,0.002076427390021693,79,79
97,106483,206.500721374,aa:3a:0e:b6:ed:12,5a:ef:68:0f:bd:8f,802.11,1370,"QoS Data, SN=519, FN=0, Flags=.p..R..TC",1370.0,,0.44457669499999497,0.44457669499999497,,1,1
103,107340,218.77349476,aa:3a:0e:b6:ed:12,5a:ef:68:0f:bd:8f,802.11,261,"QoS Data, SN=171, FN=0, Flags=.p..R..TC",196.36363636363637,4791.654545454547,12.272773386000011,1.1403249282727266,13.63864271569118,11,11
105,107756,223.18024906,aa:3a:0e:b6:ed:12,5a:ef:68:0f:bd:8f,802.11,1373,"QoS Data, SN=1048, FN=0, Flags=.p.....TC",801.2872340425532,598676.3789750626,4.135953475000008,0.052166554627659636,0.18208821103973727,94,86
106,108062,224.391522306,aa:3a:0e:b6:ed:12,5a:ef:68:0f:bd:8f,802.11,159,"QoS Data, SN=1215, FN=0, Flags=.p.....TC",193.94117647058823,36706.038883349946,0.4435705860000212,0.018986886722689084,0.003861814881824555,119,119
107,108905,226.462354256,aa:3a:0e:b6:ed:12,5a:ef:68:0f:bd:8f,802.11,153,"QoS Data, SN=1301, FN=0, Flags=.p.....TC",313.15441176470586,361779.3019063181,0.2549630160000049,0.014872696647058807,0.002549323066142513,136,128
108,109869,228.253019908,aa:3a:0e:b6:ed:12,5a:ef:68:0f:bd:8f,802.11,156,"QoS Data, SN=1363, FN=0, Flags=.p.....TC",876.9565217391304,506045.0969899663,0.022941924000008385,0.018099682521739106,0.004041539244833989,92,87
109,110761,230.362292037,aa:3a:0e:b6:ed:12,5a:ef:68:0f:bd:8f,802.11,158,"QoS Data, SN=191, FN=0, Flags=.p.....TC",623.9906976744186,847539.6728102586,0.4670432610000148,0.010780400651162836,0.0022561402366510054,215,177
110,112430,233.220230352,aa:3a:0e:b6:ed:12,5a:ef:68:0f:bd:8f,802.11,1373,"QoS Data, SN=292, FN=0, Flags=.p..R..TC",1032.0555555555557,234898.1732026144,1.0071954359999893,0.1030191713888892,0.07701460342632853,18,18
111,113350,234.94978757,aa:3a:0e:b6:ed:12,IPv4mcast_fb,802.11,216,"QoS Data, SN=1383, FN=0, Flags=.p.....TC",182.0,867.0,0.8824075690000086,0.6834301706666679,0.3408176855363702,3,3
112,114380,236.721303602,aa:3a:0e:b6:ed:12,5a:ef:68:0f:bd:8f,802.11,155,"QoS Data, SN=1384, FN=0, Flags=.p.....TC",155.0,0.0,0.6036330889999988,0.09610716694444459,0.05709536348861669,18,18
113,115269,238.76905181,aa:3a:0e:b6:ed:12,5a:ef:68:0f:bd:8f,802.11,1373,"QoS Data, SN=1388, FN=0, Flags=.p.....TC",335.0416666666667,173259.06205673766,0.9214522919999979,0.04696512681249961,0.028532854188636415,48,48
115,117097,243.224799724,aa:3a:0e:b6:ed:12,5a:ef:68:0f:bd:8f,802.11,1373,"QoS Data, SN=1418, FN=0, Flags=.p.....TC",402.46153846153845,170806.4984615384,3.1228741190000164,0.15797548084615387,0.39024938535450787,26,26
118,118718,250.177463622,aa:3a:0e:b6:ed:12,5a:ef:68:0f:bd:8f,802.11,155,"QoS Data, SN=1429, FN=0, Flags=.p.....TC",362.85714285714283,201673.6703296703,5.968175515000013,0.4307365927857144,2.5401819449491825,14,14
119,118793,250.250275431,aa:3a:0e:b6:ed:12,5a:ef:68:0f:bd:8f,802.11,221,"QoS Data, SN=1443, FN=0, Flags=.p.....TC",710.452380952381,313176.9217142858,0.010675025000011829,0.015924200325396928,0.020759217423271036,126,126
120,119483,252.252417023,aa:3a:0e:b6:ed:12,5a:ef:68:0f:bd:8f,802.11,186,"QoS Data, SN=1497, FN=0, Flags=.p..R..TC",422.32710280373834,228927.6561453007,0.006367375999985825,0.01769511574766336,0.008235410201203292,107,107
121,120349,254.71847824,aa:3a:0e:b6:ed:12,5a:ef:68:0f:bd:8f,802.11,153,"QoS Data, SN=1535, FN=0, Flags=.p.....TC",590.4736842105264,336282.7076023391,0.5790512080000099,0.04489858447368533,0.01792777784401715,19,19
122,120656,256.247620093,aa:3a:0e:b6:ed:12,5a:ef:68:0f:bd:8f,802.11,156,"QoS Data, SN=1566, FN=0, Flags=.p.....TC",1011.2380952380952,263883.49047619046,1.2551199560000157,0.0683778426666655,0.07511213267214294,21,21
123,121123,259.142084829,aa:3a:0e:b6:ed:12,5a:ef:68:0f:bd:8f,802.11,175,"QoS Data, SN=1608, FN=0, Flags=.p.....TC",351.44444444444446,141311.46644106042,2.713649996000015,0.018705732383838578,0.0374058368822482,198,198
124,121792,260.247702408,aa:3a:0e:b6:ed:12,5a:ef:68:0f:bd:8f,802.11,141,"QoS Data, SN=53, FN=0, Flags=.p.....TC",451.32608695652175,248871.76964426876,0.11553256299998793,0.0076526263442028685,0.0005728964091966309,276,274
125,122857,262.288851619,aa:3a:0e:b6:ed:12,5a:ef:68:0f:bd:8f,802.11,147,"QoS Data, SN=1843, FN=0, Flags=.p.....TC",421.9425287356322,189089.25679356855,0.04455690300000015,0.010975706936781682,0.0005883042655509861,174,174
126,123903,264.311408768,aa:3a:0e:b6:ed:12,5a:ef:68:0f:bd:8f,802.11,1373,"QoS Data, SN=1906, FN=0, Flags=.p.....TC",494.4611650485437,182913.96677717264,0.15734104499995283,0.009971046582524023,0.0007150253073893029,206,206
127,124816,266.258389591,aa:3a:0e:b6:ed:12,5a:ef:68:0f:bd:8f,802.11,244,"QoS Data, SN=1986, FN=0, Flags=.p..R..TC",254.30351437699682,73439.59027607109,0.05028627200005076,0.006506069629393077,0.0006493232979531829,313,312
128,126230,268.247803226,aa:3a:0e:b6:ed:12,5a:ef:68:0f:bd:8f,802.11,147,"QoS Data, SN=2120, FN=0, Flags=.p..R..TC",255.2450980392157,176500.0184487589,0.0033001129999661316,0.00935307699509791,0.001311704255203848,204,200
129,127050,270.277057213,aa:3a:0e:b6:ed:12,5a:ef:68:0f:bd:8f,802.11,147,"QoS Data, SN=2242, FN=0, Flags=.p.....TC",249.19880715705764,213058.51019777727,0.12452639299999646,0.004155720566600425,0.0009124050078185262,503,491
130,128443,272.251356134,aa:3a:0e:b6:ed:12,5a:ef:68:0f:bd:8f,802.11,147,"QoS Data, SN=2436, FN=0, Flags=.p..R..TC",295.386301369863,328074.82778292516,0.008497868999995717,0.0018274485132420298,8.561299511128915e-05,1095,1047
131,130923,274.285020153,aa:3a:0e:b6:ed:12,5a:ef:68:0f:bd:8f,802.11,147,"QoS Data, SN=3107, FN=0, Flags=.p.....TC",360.59887005649716,252764.9236968339,0.04110576599998694,0.003510494952919002,0.0002260498204044999,531,525
132,132229,276.298530402,aa:3a:0e:b6:ed:12,5a:ef:68:0f:bd:8f,802.11,186,"QoS Data, SN=3389, FN=0, Flags=.p.....TC",357.7037037037037,289687.5321041567,0.19054319499997519,0.004638340629629567,0.0005730493272527768,459,441
133,133511,278.246741686,aa:3a:0e:b6:ed:12,5a:ef:68:0f:bd:8f,802.11,159,"QoS Data, SN=3630, FN=0, Flags=.p..R..TC",250.80555555555554,121472.31996907429,0.009756130000027952,0.003946718365079441,0.0004082402714530343,504,493
134,135080,280.315380807,aa:3a:0e:b6:ed:12,5a:ef:68:0f:bd:8f,802.11,155,"QoS Data, SN=3918, FN=0, Flags=.p..R..TC",337.58474576271186,153267.7417237648,0.08924919499997941,0.008552823898305074,0.0028572998759640116,236,236
135,136064,282.247837332,aa:3a:0e:b6:ed:12,5a:ef:68:0f:bd:8f,802.11,168,"QoS Data, SN=4050, FN=0, Flags=.p.....TC",315.75103391232426,202085.76329570153,0.003239280000002509,0.001629729021505343,4.799936097295727e-05,1209,1192
136,139100,284.263908928,aa:3a:0e:b6:ed:12,5a:ef:68:0f:bd:8f,802.11,147,"QoS Data, SN=590, FN=0, Flags=.p..R..TC",243.61507936507937,80338.69188326062,0.0489684890000035,0.007092169869047716,0.00035531481485941163,252,251
137,140112,286.922088293,aa:3a:0e:b6:ed:12,5a:ef:68:0f:bd:8f,802.11,1373,"QoS Data, SN=678, FN=0, Flags=.p.....TC",403.14814814814815,181262.77580772262,0.9199210470000025,0.011863374021164049,0.0048748829182854395,189,189
138,141001,288.24751384,aa:3a:0e:b6:ed:12,5a:ef:68:0f:bd:8f,802.11,154,"QoS Data, SN=740, FN=0, Flags=.p.....TC",208.17741935483872,31591.3341201154,0.003168904000006023,0.014489997145161275,0.008437574100375288,124,124
140,141865,292.462294244,aa:3a:0e:b6:ed:12,5a:ef:68:0f:bd:8f,802.11,167,"QoS Data, SN=831, FN=0, Flags=.p.....TC",766.2666666666667,147527.06666666668,2.4211896620000175,0.2734880045333322,0.4132268470795137,15,15
141,142020,294.332622331,aa:3a:0e:b6:ed:12,5a:ef:68:0f:bd:8f,802.11,158,"QoS Data, SN=852, FN=0, Flags=.p.....TC",189.45454545454547,950.2727272727279,0.189197680999996,0.07264691472727236,0.01876856179480949,11,11
142,142386,296.381908692,aa:3a:0e:b6:ed:12,5a:ef:68:0f:bd:8f,802.11,147,"QoS Data, SN=856, FN=0, Flags=.p.....TC",322.80833333333334,98746.1394257703,1.4393679800000427,0.026401891841666726,0.020390435726519766,120,120
143,143281,299.371214129,aa:3a:0e:b6:ed:12,5a:ef:68:0f:bd:8f,802.11,188,"QoS Data, SN=918, FN=0, Flags=.p.....TC",245.75468975468976,153927.8732619339,1.2604463960000203,0.0030579596969697053,0.0023113723385942086,693,680
144,144795,300.249575025,aa:3a:0e:b6:ed:12,5a:ef:68:0f:bd:8f,802.11,155,"QoS Data, SN=1342, FN=0, Flags=.p.....TC",300.26021934197405,205502.71964346463,0.019641222000018388,0.00200250554436693,6.27832298523169e-05,1003,982
145,147237,302.282114806,aa:3a:0e:b6:ed:12,5a:ef:68:0f:bd:8f,802.11,147,"QoS Data, SN=1876, FN=0, Flags=.p.....TC",254.569746909947,168374.94728209128,0.013435776999983773,0.001179291510300178,2.3977767506581253e-05,1699,1671
146,151157,304.300425861,aa:3a:0e:b6:ed:12,5a:ef:68:0f:bd:8f,802.11,186,"QoS Data, SN=3144, FN=0, Flags=.p..R..TC",219.40647773279352,79589.7536046826,0.05836272099998041,0.0015689089165991542,4.1822355951732174e-05,1235,1227
147,153998,306.29749827,aa:3a:0e:b6:ed:12,5a:ef:68:0f:bd:8f,802.11,1373,"QoS Data, SN=315, FN=0, Flags=.p.....TC",504.18897637795277,273011.4243219598,0.11783261800002265,0.01436466562204725,0.001110437298573053,127,126
148,155257,308.440684762,aa:3a:0e:b6:ed:12,5a:ef:68:0f:bd:8f,802.11,913,"QoS Data, SN=331, FN=0, Flags=.p.....TC",249.0453781512605,122489.15113600995,0.43670657600000595,0.003707142944537885,0.0004542099519245369,595,583
149,157200,310.263747648,aa:3a:0e:b6:ed:12,5a:ef:68:0f:bd:8f,802.11,147,"QoS Data, SN=3917, FN=0, Flags=.p.....TC",223.95387840670858,95383.4606197795,0.05401940999996668,0.0021325126561844605,0.0008799142588518313,954,947
150,159226,312.247289032,aa:3a:0e:b6:ed:12,5a:ef:68:0f:bd:8f,802.11,147,"QoS Data, SN=495, FN=0, Flags=.p.....TC",426.6210350584307,243824.75016701486,0.003143720000025496,0.0016705369515859893,4.309863811682294e-05,1198,1194
151,162494,314.278517561,aa:3a:0e:b6:ed:12,5a:ef:68:0f:bd:8f,802.11,1053,"QoS Data, SN=1219, FN=0, Flags=.p..R..TC",532.5491803278688,304213.5776053464,0.03306898099998534,0.0027311220669398676,8.870564176586496e-05,732,730
152,164712,316.247758734,aa:3a:0e:b6:ed:12,5a:ef:68:0f:bd:8f,802.11,869,"QoS Data, SN=1715, FN=0, Flags=.p.....TC",389.4264591439689,224287.38652678265,0.003128801000002568,0.0015546772552529052,5.8124058211063046e-05,1285,1280
153,167267,318.251782969,aa:3a:0e:b6:ed:12,5a:ef:68:0f:bd:8f,802.11,159,"QoS Data, SN=2244, FN=0, Flags=.p..R..TC",610.9068577277379,431433.2177500538,0.00939276299999392,0.002048595795291723,5.989865541661626e-05,977,960
154,169460,320.246759651,aa:3a:0e:b6:ed:12,5a:ef:68:0f:bd:8f,802.11,1373,"QoS Data, SN=2757, FN=0, Flags=.p..R..TC",399.1958456973294,288284.90200649993,0.0028913529999954335,0.00593799967655789,0.0002834433818902577,337,326
155,170909,322.248227287,aa:3a:0e:b6:ed:12,5a:ef:68:0f:bd:8f,802.11,135,"QoS Data, SN=3010, FN=0, Flags=.p.....TC",417.42057761732855,454128.56963004527,0.0032530980000160525,0.0036093614169674607,0.00023773735147575108,554,525
156,173036,324.247666582,aa:3a:0e:b6:ed:12,5a:ef:68:0f:bd:8f,802.11,154,"QoS Data, SN=3352, FN=0, Flags=.p.....TC",248.1238670694864,199231.93309530348,0.0031061680000448177,0.005566473033232738,0.0006637494530623368,331,323
157,174189,326.542348798,aa:3a:0e:b6:ed:12,5a:ef:68:0f:bd:8f,802.11,159,"QoS Data, SN=3937, FN=0, Flags=.p.....TC",280.1609195402299,147187.73118065245,0.45528580999996393,0.012389888758620493,0.0026128990383466476,174,172
158,174540,328.256528326,aa:3a:0e:b6:ed:12,5a:ef:68:0f:bd:8f,802.11,147,"QoS Data, SN=203, FN=0, Flags=.p.....TC",233.76732161323682,107280.5224092784,0.013624694000043291,0.0020689432037229024,0.00011778573437350242,967,961
159,176530,330.254098446,aa:3a:0e:b6:ed:12,5a:ef:68:0f:bd:8f,802.11,144,"QoS Data, SN=994, FN=0, Flags=.p.....TC",344.94545454545454,181817.4490660025,0.010526735999974335,0.009096496659090679,0.0018728127348867651,220,218
160,177465,332.247833686,aa:3a:0e:b6:ed:12,5a:ef:68:0f:bd:8f,802.11,159,"QoS Data, SN=1117, FN=0, Flags=.p..R..TC",157.875,9.449999999999994,0.003032711000003019,0.12395526831249981,0.1979944988787225,16,16
161,177995,334.69856325,aa:3a:0e:b6:ed:12,5a:ef:68:0f:bd:8f,802.11,147,"QoS Data, SN=1121, FN=0, Flags=.p.....TC",248.66,60211.902448979585,0.470477982000034,0.03914880368000013,0.008044047145395857,50,50
162,178574,336.321435309,aa:3a:0e:b6:ed:12,5a:ef:68:0f:bd:8f,802.11,147,"QoS Data, SN=1151, FN=0, Flags=.p.....TC",214.8709677419355,68416.34373347435,0.13590985700000147,0.03323488979032255,0.015157599661270444,62,62
163,179040,338.254964591,aa:3a:0e:b6:ed:12,5a:ef:68:0f:bd:8f,802.11,144,"QoS Data, SN=1164, FN=0, Flags=.p..R..TC",301.85227272727275,85565.59861546502,0.008875971999998455,0.02208331789772767,0.005149678070942004,88,88
164,179738,341.196636857,aa:3a:0e:b6:ed:12,5a:ef:68:0f:bd:8f,802.11,147,"QoS Data, SN=1209, FN=0, Flags=.p.....TC",163.0,37.56521739130438,1.0072162629999752,0.07084066112499936,0.0522135796074314,24,24
165,180045,342.287025494,aa:3a:0e:b6:ed:12,5a:ef:68:0f:bd:8f,802.11,159,"QoS Data, SN=1213, FN=0, Flags=.p.....TC",163.9777777777778,3800.6062421972524,0.39742903299998034,0.011367310166666459,0.003048267769705773,90,90
166,180737,344.291732121,aa:3a:0e:b6:ed:12,5a:ef:68:0f:bd:8f,802.11,147,"QoS Data, SN=1263, FN=0, Flags=.p.....TC",203.10714285714286,18519.132960413077,1.3790777450000178,0.03855712495238114,0.031240064012997334,84,84
167,181640,346.542702844,aa:3a:0e:b6:ed:12,5a:ef:68:0f:bd:8f,802.11,147,"QoS Data, SN=1281, FN=0, Flags=.p.....TC",147.0,0.0,0.39124997200002554,0.11591587570588298,0.04630112403252892,17,17
168,182286,348.931781284,aa:3a:0e:b6:ed:12,5a:ef:68:0f:bd:8f,802.11,616,"QoS Data, SN=1285, FN=0, Flags=.p.....TC",305.0243902439024,54864.82439024388,0.8097585250000066,0.04691042182926777,0.018841522393953498,41,41
169,182701,350.354001465,aa:3a:0e:b6:ed:12,5a:ef:68:0f:bd:8f,802.11,147,"QoS Data, SN=1301, FN=0, Flags=.p.....TC",309.50531914893617,98405.6630731597,0.308651411000028,0.010462155154255439,0.0010491658755095914,188,188
170,183580,352.342040231,aa:3a:0e:b6:ed:12,5a:ef:68:0f:bd:8f,802.11,147,"QoS Data, SN=1371, FN=0, Flags=.p.....TC",242.97297297297297,23478.054054054053,0.3298050079999939,0.02705364267567547,0.007503324756886965,74,74
171,183949,354.25496249,aa:3a:0e:b6:ed:12,5a:ef:68:0f:bd:8f,802.11,147,"QoS Data, SN=1385, FN=0, Flags=.p.....TC",467.6842105263158,234486.56140350876,0.2407577090000359,0.08778907015789628,0.010807149406649483,19,19
172,184184,356.319353716,aa:3a:0e:b6:ed:12,5a:ef:68:0f:bd:8f,802.11,167,"QoS Data, SN=1393, FN=0, Flags=.p.....TC",167.0,,0.6371566020000046,0.6371566020000046,,1,1
